{"stats":{"minecraft:picked_up":{"minecraft:crafting_table":10,"minecraft:chicken":4,"minecraft:clay_ball":4,"minecraft:enchanted_book":1,"minecraft:crimson_planks":2,"ad_astra:sky_stone":11,"minecraft:string":4,"minecraft:raw_copper":87,"minecraft:beef":18,"minecraft:oak_boat":6,"minecraft:spruce_slab":1,"minecraft:coal_block":9,"minecraft:chest":2,"minecraft:furnace":5,"minecraft:egg":2,"minecraft:raw_iron":44,"minecraft:copper_ingot":1,"minecraft:torch":39,"minecraft:porkchop":6,"tombstone:grave_dust":6,"minecraft:diorite":52,"minecraft:carrot":44,"minecraft:purple_terracotta":2,"minecraft:arrow":6,"minecraft:rotten_flesh":20,"minecraft:mutton":3,"minecraft:rail":15,"minecraft:white_wool":3,"minecraft:cobblestone":994,"minecraft:basalt":4,"minecraft:feather":4,"minecraft:cooked_beef":3,"farmersdelight:rice":2,"minecraft:andesite":71,"alexsmobs:bison_fur":3,"minecraft:flint":3,"minecraft:oak_log":24,"minecraft:lapis_lazuli":81,"minecraft:dirt":173,"minecraft:bone":5,"minecraft:apple":1,"minecraft:stone_bricks":12,"minecraft:kelp":5,"minecraft:wheat_seeds":4,"mowziesmobs:foliaath_seed":3,"minecraft:raw_gold":12,"minecraft:cobweb":1,"tombstone:bag_of_seeds":1,"minecraft:oak_planks":31,"minecraft:gravel":63,"minecraft:ink_sac":4,"minecraft:white_bed":4,"alexsmobs:animal_dictionary":2,"minecraft:spider_eye":3,"minecraft:dispenser":2,"minecraft:granite":43,"minecraft:bone_meal":1,"minecraft:oak_sapling":2,"minecraft:coal":235},"minecraft:broken":{"minecraft:wooden_pickaxe":1,"minecraft:stone_pickaxe":7,"minecraft:stone_axe":1,"minecraft:iron_pickaxe":2},"minecraft:dropped":{"minecraft:cooked_beef":1,"minecraft:cobweb":1,"minecraft:dispenser":1,"minecraft:bone_meal":1,"minecraft:string":1,"minecraft:iron_nugget":1,"alexsmobs:animal_dictionary":2,"minecraft:raw_copper":5,"minecraft:rotten_flesh":13,"minecraft:carrot":9,"minecraft:chest":2,"minecraft:spider_eye":2},"minecraft:mined":{"minecraft:spruce_planks":2,"minecraft:white_bed":4,"minecraft:farmland":1,"farmersdelight:wild_carrots":12,"minecraft:granite":43,"minecraft:purple_terracotta":2,"minecraft:grass_block":7,"minecraft:coal_block":9,"minecraft:furnace":6,"minecraft:carrots":6,"minecraft:iron_ore":44,"minecraft:andesite":72,"minecraft:rail":15,"minecraft:small_amethyst_bud":2,"minecraft:stone":978,"ad_astra:sky_stone":13,"minecraft:spruce_slab":1,"minecraft:basalt":4,"minecraft:crafting_table":10,"minecraft:clay":1,"minecraft:torch":15,"minecraft:tall_grass":1,"minecraft:copper_ore":22,"minecraft:cobblestone":18,"minecraft:lapis_ore":12,"minecraft:oak_planks":2,"minecraft:diorite":55,"minecraft:wall_torch":19,"minecraft:grass":16,"minecraft:coal_ore":108,"minecraft:oak_log":25,"minecraft:gravel":37,"minecraft:dirt":174,"minecraft:crimson_planks":2,"minecraft:dispenser":1,"minecraft:stone_bricks":12,"minecraft:gold_ore":12,"minecraft:oak_leaves":7},"minecraft:killed":{"minecraft:spider":6,"alexsmobs:seagull":1,"minecraft:skeleton":5,"minecraft:chicken":4,"alexsmobs:bison":2,"mowziesmobs:baby_foliaath":1,"minecraft:pig":3,"alexsmobs:seal":1,"minecraft:sheep":3,"minecraft:zombie":9,"alexsmobs:crow":1},"minecraft:used":{"minecraft:stone_shovel":118,"minecraft:ladder":6,"minecraft:chest":4,"minecraft:shield":28,"minecraft:stone_hoe":29,"minecraft:cooked_chicken":2,"minecraft:rotten_flesh":1,"minecraft:torch":105,"minecraft:dirt":78,"minecraft:mutton":2,"minecraft:carrot":37,"minecraft:stone_bricks":238,"minecraft:furnace":9,"tombstone:gift":2,"minecraft:egg":2,"minecraft:cooked_beef":14,"mowziesmobs:foliaath_seed":3,"minecraft:cooked_mutton":3,"minecraft:water_bucket":2,"minecraft:diorite":10,"minecraft:stone_pickaxe":913,"minecraft:wooden_pickaxe":60,"minecraft:crafting_table":11,"minecraft:white_bed":5,"tombstone:bag_of_seeds":1,"minecraft:apple":1,"minecraft:chicken":1,"minecraft:iron_pickaxe":536,"minecraft:gravel":18,"minecraft:stone_axe":150,"minecraft:cobblestone":71,"minecraft:cooked_porkchop":2,"minecraft:bucket":3,"minecraft:oak_boat":6,"alexsmobs:animal_dictionary":4,"minecraft:bone_meal":15},"minecraft:custom":{"minecraft:mob_kills":39,"minecraft:interact_with_crafting_table":52,"minecraft:leave_game":3,"minecraft:time_since_death":188047,"minecraft:climb_one_cm":7374,"minecraft:sprint_one_cm":294763,"minecraft:walk_one_cm":379732,"minecraft:damage_blocked_by_shield":545,"minecraft:drop":17,"minecraft:play_time":188047,"minecraft:sneak_time":7302,"minecraft:walk_under_water_one_cm":33127,"minecraft:boat_one_cm":575901,"minecraft:jump":1945,"minecraft:walk_on_water_one_cm":29226,"minecraft:total_world_time":188047,"minecraft:interact_with_furnace":123,"minecraft:sleep_in_bed":9,"minecraft:time_since_rest":1555,"minecraft:damage_taken":1650,"minecraft:damage_dealt":5642,"minecraft:fly_one_cm":260423,"minecraft:swim_one_cm":57009,"minecraft:open_chest":70,"minecraft:crouch_one_cm":11362,"tombstone:undead_killed":14,"minecraft:interact_with_smoker":7,"minecraft:fall_one_cm":33828,"minecraft:inspect_dispenser":1},"minecraft:crafted":{"minecraft:oak_planks":96,"minecraft:stone_shovel":1,"minecraft:coal":81,"minecraft:cooked_chicken":3,"minecraft:furnace":4,"minecraft:stone":234,"minecraft:bone_meal":15,"minecraft:cooked_mutton":4,"minecraft:iron_boots":1,"minecraft:ladder":6,"minecraft:stone_pickaxe":7,"minecraft:chest":4,"minecraft:stone_hoe":1,"minecraft:stone_bricks":228,"minecraft:cooked_beef":12,"minecraft:cooked_porkchop":2,"minecraft:crafting_table":2,"minecraft:wooden_pickaxe":1,"minecraft:iron_helmet":1,"minecraft:bucket":1,"minecraft:stone_axe":2,"minecraft:air":0,"minecraft:oak_boat":1,"minecraft:iron_chestplate":1,"minecraft:shield":1,"minecraft:stick":64,"minecraft:iron_ingot":36,"minecraft:iron_pickaxe":3,"minecraft:iron_leggings":1,"minecraft:white_bed":1,"minecraft:torch":72}},"DataVersion":3120}